".model_id",".model_desc",".type","mae","mape","mase","smape","rmse","rsq"
1,"PROPHET","Test",10.5986275151982,8.51181956911068,0.650049154265491,8.52956458433171,13.6545461869423,0.219766105527536
