".model_id",".model_desc",".type","mae","mape","mase","smape","rmse","rsq"
1,"PROPHET","Test",8.56695119266003,10.3966363744812,0.693802385321059,9.93288944118895,10.0552812352349,0.163811256615504
3,"XGBOOST","Test",8.669158299764,10.4500953719075,0.70207972145976,10.1635523748973,10.0176342474744,NA
2,"EARTH","Test",9.17923134878619,11.2234644772009,0.743388454303107,10.7426062048264,10.4483465208912,0.030219029983272
