".model_id",".model_desc",".type","mae","mape","mase","smape","rmse","rsq"
3,"XGBOOST","Test",18.0429929097493,7.2860024224999,0.873660709314179,7.35869054827187,22.5623737079077,NA
2,"EARTH","Test",20.0027650925375,8.36179453434804,0.968554941322871,8.13912773240495,23.8859179493731,0.00177555630168217
1,"PROPHET","Test",24.4241281605601,10.224329330034,1.18264199514291,9.57252010585659,28.5092426500318,0.50057207498011
