".model_id",".model_desc",".type","mae","mape","mase","smape","rmse","rsq"
1,"PROPHET","Test",37.0111306807762,3.45832417604919,0.53538113563387,3.5020118487674,46.7473104159498,0.48278479740027
