".model_id",".model_desc",".type","mae","mape","mase","smape","rmse","rsq"
1,"PROPHET","Test",19.3510919347544,7.61858820526142,0.749284704544363,7.26291014366834,23.1359568113436,0.464598502323698
3,"XGBOOST","Test",22.3585103352865,8.14729476130202,0.865733565171025,8.51216764728957,29.096013840739,NA
2,"EARTH","Test",44.9263825887771,16.5717181865582,1.73957373660248,18.521054793841,51.9368132156113,0.100134747522083
