".model_id",".model_desc",".type","mae","mape","mase","smape","rmse","rsq"
1,"PROPHET","Test",23.6077883161882,6.66374949562677,0.714446225358327,6.27533348224888,31.4830263225039,0.623316100729935
3,"XGBOOST","Test",30.078125,7.97665016252433,0.910259046052632,8.02967476536274,38.4438204068477,NA
2,"EARTH","Test",31.6113190389808,8.16635235682731,0.956658339337577,8.44661281044618,40.6711243424498,0.0990108130921939
