".model_id",".model_desc",".type","mae","mape","mase","smape","rmse","rsq"
2,"EARTH","Test",6.91320428809525,12.0271370100032,0.750017446349957,11.9974891004946,8.39515719992664,0.19012435438034
1,"PROPHET","Test",7.57379649627843,14.6376649462812,0.821685468935868,13.1506178225287,9.47303237126279,0.38205631485651
3,"XGBOOST","Test",7.90720240275065,14.29555505172,0.857856864449363,13.7445132325683,9.27463594547464,NA
