".model_id",".model_desc",".type","mae","mape","mase","smape","rmse","rsq"
3,"XGBOOST","Test",10.7433217366536,6.66826932957435,0.753342682753152,6.97418027787368,14.957604478234,NA
1,"PROPHET","Test",12.8894544976562,8.55563388528501,0.903833699530768,8.35418989616097,15.0144236727905,0.0714365395809243
2,"EARTH","Test",26.8701380534942,17.0888331823158,1.88418650984868,19.0866045788363,30.5221435146513,0.0277754527780664
