".model_id",".model_desc",".type","mae","mape","mase","smape","rmse","rsq"
1,"PROPHET","Test",12.9314461941469,9.88576411922629,0.662412611281468,9.9727562149793,15.3859631953472,0.21266470636348
3,"XGBOOST","Test",19.2955932617188,13.6549699022714,0.988415690466662,15.1914330064863,24.6710300095693,NA
2,"EARTH","Test",19.5154824637693,13.8195230779842,0.999679502598427,15.4182476947563,24.9756291898757,0.0315222913044524
