".model_id",".model_desc",".type","mae","mape","mase","smape","rmse","rsq"
2,"EARTH","Test",24.6332557097461,7.13300680648801,0.840600714130801,7.23978621177002,31.955916693716,0.0505278181811098
3,"XGBOOST","Test",24.6778564453125,7.4449636817682,0.842122697688706,7.25218264052324,32.1259339238729,NA
1,"PROPHET","Test",27.2587858123039,8.37003371973398,0.930195955019273,7.84506477920031,34.3907795924434,0.495484470148858
