".model_id",".model_desc",".type","mae","mape","mase","smape","rmse","rsq"
1,"PROPHET","Test",26.5573846790799,5.4187877915614,0.598256461918548,5.20092166099464,34.111149643391,0.70863518941698
3,"XGBOOST","Test",42.3695119222005,7.91579392253707,0.954455214701873,8.23334589992807,54.4983229406799,NA
2,"EARTH","Test",81.7170112035402,15.3257241492329,1.8408337489534,17.0166314249451,95.4709776208826,0.083714243657467
