".model_id",".model_desc",".type","mae","mape","mase","smape","rmse","rsq"
1,"PROPHET","Test",20.8632857858062,13.8819322079126,0.93175839431756,12.9360242022183,23.5148950506104,0.142018869916807
