".model_id",".model_desc",".type","mae","mape","mase","smape","rmse","rsq"
1,"PROPHET","Test",11.215597924437,9.50412247449704,0.938031826407455,9.0454266073384,13.2129109036869,0.317877820962599
2,"EARTH","Test",11.5775018747084,10.0408325892423,0.968300156793789,9.48575240843766,14.1768193530941,0.0944916695280107
3,"XGBOOST","Test",11.5833333333333,9.78847560757323,0.968787878787879,9.49493513887479,13.4952293642052,NA
