".model_id",".model_desc",".type","mae","mape","mase","smape","rmse","rsq"
1,"PROPHET","Test",12.8983645412859,4.82332116705955,0.639358587175808,4.73259835944126,16.5684499432599,0.316875396247617
