".model_id",".model_desc",".type","mae","mape","mase","smape","rmse","rsq"
1,"PROPHET","Test",90.3429197183041,4.48606056620809,0.983848084053501,4.56658741975041,106.687272970353,0.461287280930581
