".model_id",".model_desc",".type","mae","mape","mase","smape","rmse","rsq"
1,"PROPHET","Test",7.19763488636176,15.8343266827402,0.732502665426196,14.0758063241834,9.10597967213098,0.264170124957514
3,"XGBOOST","Test",9.15941460927328,17.3425022974289,0.932152814218077,17.9065942055909,10.5699819435407,NA
2,"EARTH","Test",10.0695982755356,18.7884552046114,1.02478212538637,19.9016663344597,11.1163241622214,0.0583929946244621
