".model_id",".model_desc",".type","mae","mape","mase","smape","rmse","rsq"
1,"PROPHET","Test",13.0783215823453,14.7148693320376,0.957966230553953,13.5408061964864,14.9814952365174,0.147725656693733
3,"XGBOOST","Test",16.5233408610026,16.7927643508065,1.21030840701611,18.565853451031,19.5476683703833,NA
2,"EARTH","Test",55.3061770829519,58.4797143870835,4.05108940416527,89.827309384953,59.6617149643369,0.0163581662486451
