".model_id",".model_desc",".type","mae","mape","mase","smape","rmse","rsq"
1,"PROPHET","Test",12.1171897797024,12.1475985391508,0.947943418139981,11.4787147800133,13.9309318400753,0.188510762859649
