".model_id",".model_desc",".type","mae","mape","mase","smape","rmse","rsq"
1,"PROPHET","Test",47.9737596696683,6.4331143622206,0.833381021451942,6.14243291385293,57.2237399464633,0.783712533257007
3,"XGBOOST","Test",66.5460255940755,9.08969253350686,1.1560110186282,8.68085153580123,79.4130355075151,NA
2,"EARTH","Test",67.4599276223045,9.33657937408907,1.1718869602062,8.79319777965527,81.7189905943934,0.173812396556581
