".model_id",".model_desc",".type","mae","mape","mase","smape","rmse","rsq"
1,"PROPHET","Test",30.7639621567908,8.88195093404374,1.22629311890154,8.49868698041975,35.8784261991029,0.186310633398242
3,"XGBOOST","Test",31.1523234049479,9.21656816603397,1.24177372324749,8.62762907706258,37.4185211183216,NA
2,"EARTH","Test",38.3937008772211,11.2905740877536,1.53042481832944,10.4881248110797,43.935329704888,0.00368259773383734
