".model_id",".model_desc",".type","mae","mape","mase","smape","rmse","rsq"
2,"EARTH","Test",15.9736822868215,4.96460841612224,0.816432650215321,4.9354087128969,21.3604939409122,0.0503673332308777
3,"XGBOOST","Test",26.3359985351562,8.52834383717072,1.34606214735243,7.98644451489974,32.7847149258171,NA
1,"PROPHET","Test",33.4666938555669,10.635695566823,1.71051990817342,9.90234816817138,39.0769163380884,0.107823110878696
