".model_id",".model_desc",".type","mae","mape","mase","smape","rmse","rsq"
1,"PROPHET","Test",375.009521225389,3.50447900639956,0.623299536651536,3.54305159263162,470.501776391623,0.748737263715733
3,"XGBOOST","Test",588.208333333333,5.50152783221105,0.977655128390422,5.42499883075368,724.387102584957,NA
2,"EARTH","Test",940.602337074541,8.44422582126266,1.56336564190739,8.94111930187962,1104.15304735165,0.209046143751619
