".model_id",".model_desc",".type","mae","mape","mase","smape","rmse","rsq"
1,"PROPHET","Test",13.8832690724005,10.5532137945713,1.00730343427512,9.66601940957286,18.2851092633463,0.221415711281473
3,"XGBOOST","Test",15.8068339029948,11.9683060454429,1.14686807498069,11.1075708378671,18.3629024086125,NA
2,"EARTH","Test",19.1427786565756,14.515044115873,1.38890823060328,13.2601509997083,21.6480404188993,0.00215026157531082
