".model_id",".model_desc",".type","mae","mape","mase","smape","rmse","rsq"
2,"EARTH","Test",13.3144956715091,7.04749840853654,0.692835747612465,6.84559953713657,18.0441469911988,0.00543367021595132
1,"PROPHET","Test",17.8201147517711,9.40831642276018,0.92729103911931,8.89824387673667,22.1004260919774,0.0607366044013454
3,"XGBOOST","Test",18.7182388305664,10.1561321632254,0.974026002495537,9.45726758589269,23.0382199560969,NA
