".model_id",".model_desc",".type","mae","mape","mase","smape","rmse","rsq"
3,"XGBOOST","Test",14.1666666666667,6.96489011663945,0.90258541089566,7.07689816114625,19.019094832703,NA
1,"PROPHET","Test",19.0935264890819,9.84674355352721,1.21648506717142,9.33752041364375,22.0692474317517,0.27131222436224
2,"EARTH","Test",20.0969186421874,10.5355293384582,1.28041309908673,9.93978087165679,22.8253795520375,0.0847670905406937
