".model_id",".model_desc",".type","mae","mape","mase","smape","rmse","rsq"
1,"PROPHET","Test",10.5002684036077,10.325664979269,0.904517502932499,9.74602535074962,12.8846295385396,0.203903369171757
3,"XGBOOST","Test",12.7008616129557,12.8681039864096,1.09408171197746,11.7681420365997,15.2756953751226,NA
2,"EARTH","Test",12.7763402468639,12.9484131565823,1.10058361677104,11.8316644102172,15.3845491642407,0.04189364866219
