".model_id",".model_desc",".type","mae","mape","mase","smape","rmse","rsq"
1,"PROPHET","Test",11.3210484166328,9.83329454108728,0.897876253732943,9.5392892257109,14.4676715570459,0.281900956432261
3,"XGBOOST","Test",14.2994645436605,12.1604374382874,1.13409546380756,11.9160927979286,17.0979222219241,NA
2,"EARTH","Test",21.3806968495823,19.884915565443,1.69571043979446,17.0576572813134,26.5279196644198,0.165116687570998
