".model_id",".model_desc",".type","mae","mape","mase","smape","rmse","rsq"
1,"PROPHET","Test",19.7772652407031,5.59776567233801,0.657336850485796,5.51301302938237,25.784948603545,0.536306048188746
3,"XGBOOST","Test",29.6742095947266,8.13285095294322,0.986281532772704,8.27386577367239,35.9384094116824,NA
2,"EARTH","Test",41.5107624150546,11.0855911216461,1.37969297044257,11.8054368145757,47.777057267138,0.0692810524667175
