".model_id",".model_desc",".type","mae","mape","mase","smape","rmse","rsq"
1,"PROPHET","Test",52.3120565662459,11.4538338652018,0.987830296406943,10.5821686727656,61.1719297228206,0.624427004075171
3,"XGBOOST","Test",54.2738189697266,12.0928037191288,1.02487507085691,11.2052049150188,65.1400596424059,NA
2,"EARTH","Test",59.6200076143644,13.3355026483049,1.12582937202823,12.2211869775367,70.0905759997518,0.201010431840419
