".model_id",".model_desc",".type","mae","mape","mase","smape","rmse","rsq"
3,"XGBOOST","Test",28.7456258138021,7.15039442489119,0.887448850627447,7.02964512396486,34.5653511958608,NA
2,"EARTH","Test",38.5746428448483,10.0316183242315,1.19089501400203,9.24059294074384,49.2671026314022,0.0772993003826663
1,"PROPHET","Test",50.5609702694002,12.6570478323132,1.56094270630363,11.6572017478109,59.2548904129519,0.167614913953751
