".model_id",".model_desc",".type","mae","mape","mase","smape","rmse","rsq"
3,"XGBOOST","Test",27.073974609375,6.24601628620508,0.770670069326269,5.99615623363196,34.3440712970726,NA
1,"PROPHET","Test",37.4666822975163,8.4318754826235,1.06650209510257,8.01076802187147,45.7536578698731,0.124882322903738
2,"EARTH","Test",45.7540204918945,10.6129514809427,1.30240404865541,9.83815298815516,54.2707689219135,8.04558807124945e-05
