".model_id",".model_desc",".type","mae","mape","mase","smape","rmse","rsq"
2,"EARTH","Test",17.2608921590333,6.74203766570874,0.973040489357268,6.48244805294255,21.0156884693491,0.291292305869945
3,"XGBOOST","Test",19.8631413777669,7.81184924706623,1.11973591100157,7.42018996698358,24.6325383748986,NA
1,"PROPHET","Test",28.6871539151277,11.051341223767,1.61716799031357,10.305403071461,32.6129977950747,0.325173238781689
