".model_id",".model_desc",".type","mae","mape","mase","smape","rmse","rsq"
2,"EARTH","Test",14.6227157218176,6.75726990179866,0.720176577305794,6.66808164427613,18.8409181139195,0.0547772787417038
3,"XGBOOST","Test",14.6589813232422,6.84494461969313,0.721962677590086,6.68369432027966,18.7768016659416,NA
1,"PROPHET","Test",17.4012931852836,7.97967880945043,0.857023004842663,7.98885926744285,21.5763055502575,0.106895872901627
