".model_id",".model_desc",".type","mae","mape","mase","smape","rmse","rsq"
1,"PROPHET","Test",11.5761365124994,8.50439705217308,0.573817111610964,8.28691364529456,13.4166921080661,0.393139353565305
