".model_id",".model_desc",".type","mae","mape","mase","smape","rmse","rsq"
1,"PROPHET","Test",14.1512395305784,4.81505405279013,0.559241424747944,4.65867775841257,18.1225303124491,0.570976691925149
