".model_id",".model_desc",".type","mae","mape","mase","smape","rmse","rsq"
1,"PROPHET","Test",10.7274902383872,9.78262997539768,0.719336080125088,9.02285465965269,13.9687742037135,0.218847806138822
