".model_id",".model_desc",".type","mae","mape","mase","smape","rmse","rsq"
1,"PROPHET","Test",7.82236934971604,15.8674256497838,0.562232797010841,15.2155441057579,9.68227001730134,0.109712496725542
3,"XGBOOST","Test",11.4528986612956,20.4466037840214,0.823177091280619,22.6450874846271,13.6802004453837,NA
2,"EARTH","Test",26.6561775961645,48.7412548933407,1.91591276472433,68.9033258109822,29.349402910328,0.00725814331491192
