".model_id",".model_desc",".type","mae","mape","mase","smape","rmse","rsq"
4,"EARTH","Test",36.826203699513,6.90948206122176,1.18627827043249,6.54281331953243,47.5392526904152,0.0554342526302247
2,"PROPHET","Test",42.1492609475415,7.6389661507333,1.35774930223173,7.69023649099577,48.5198779409874,0.277077176779756
5,"XGBOOST","Test",60.159901936849,11.2163800352032,1.93792401197132,10.4063215026442,69.7105365183951,NA
1,"ARIMA(2,1,1)(2,0,0)[12]","Test",73.3101561326184,13.4706794613319,2.36153164012636,12.4619125912856,78.8890504121714,0.457788238603914
3,"ETS(A,N,A)","Test",105.359359198775,19.0556476289349,3.39392893777568,17.106701830274,114.60721670046,0.271611324889885
