".model_id",".model_desc",".type","mae","mape","mase","smape","rmse","rsq"
1,"PROPHET","Test",26.6509785420709,11.3032835536714,1.15004222601807,10.4901198213905,31.1837817379917,0.33429485099748
