".model_id",".model_desc",".type","mae","mape","mase","smape","rmse","rsq"
2,"EARTH","Test",14.1317518274725,6.68608851482442,0.848643060135426,6.53465087729446,17.023823467503,0.208790809421033
3,"XGBOOST","Test",18.808110555013,9.14802261333532,1.12946878006606,8.60719441669302,22.8420707694574,NA
1,"PROPHET","Test",19.8782669518122,9.43637239381597,1.19373404671457,8.9262852475536,21.7539877384339,0.655703427679829
