".model_id",".model_desc",".type","mae","mape","mase","smape","rmse","rsq"
1,"PROPHET","Test",16.9005859060475,7.57516957474196,0.607364805998582,7.48279933306603,19.3256381798006,0.554063311257764
3,"XGBOOST","Test",24.0444869995117,11.0541403509576,0.864098751544952,10.5696860856626,28.9824201463314,NA
2,"EARTH","Test",34.8850397095092,14.23765979662,1.25368111456049,15.6406264481914,41.4143034089414,0.0446575278083351
