".model_id",".model_desc",".type","mae","mape","mase","smape","rmse","rsq"
1,"PROPHET","Test",60.8822405476482,3.53941876459639,0.639694624301466,3.45507370554216,80.903900274325,0.708328897579976
3,"XGBOOST","Test",110.64794921875,6.30108678479328,1.16258694930619,6.30063264627224,135.745649755147,NA
2,"EARTH","Test",648.426460256073,37.0531326091164,6.81306924892174,47.6386429527915,697.254001225795,0.252896694472375
