".model_id",".model_desc",".type","mae","mape","mase","smape","rmse","rsq"
3,"XGBOOST","Test",9.48240089416504,8.58310897150075,0.838827771406907,7.9775441155907,12.7466047559277,NA
2,"EARTH","Test",10.4434452249522,9.51566601390131,0.923843231438083,8.72285806580729,14.1451192075825,0.0171914244754637
1,"PROPHET","Test",11.541581737417,10.0958794959491,1.0209860767715,9.48910591830519,13.7867781144402,0.160482114290926
