".model_id",".model_desc",".type","mae","mape","mase","smape","rmse","rsq"
1,"PROPHET","Test",13.8345746376491,5.07425881740116,0.656072611682328,4.98266855053131,17.0677292879499,0.653185815771965
3,"XGBOOST","Test",25.1494928995768,9.00842341885566,1.19265636430983,9.03617028215191,28.6222384177965,NA
2,"EARTH","Test",25.3032444371468,9.18238169664304,1.19994767433892,9.09229410280751,28.1736872898548,0.0782046463404563
