".model_id",".model_desc",".type","mae","mape","mase","smape","rmse","rsq"
1,"PROPHET","Test",8.44901380425412,8.12204851229533,0.649924138788779,7.77804198671726,11.1556729892162,0.158499740348978
3,"XGBOOST","Test",10.5632807413737,9.31789672673129,0.812560057028746,9.94598839093604,13.6411468573441,NA
2,"EARTH","Test",12.2362631848211,10.8049250578726,0.941251014217009,11.7040206893337,15.2276627041963,0.123194183675617
