".model_id",".model_desc",".type","mae","mape","mase","smape","rmse","rsq"
2,"EARTH","Test",12.2735879025933,8.43621971579341,0.855431884120142,8.35186267897989,14.6912046130534,0.000428394403626764
1,"PROPHET","Test",12.667768180021,9.0405814415861,0.882905054971157,8.47339748849478,15.2162531688109,0.597846270407427
3,"XGBOOST","Test",13.0444208780924,9.36546925402057,0.909156606654928,8.82207045210682,16.4698297140636,NA
