".model_id",".model_desc",".type","mae","mape","mase","smape","rmse","rsq"
1,"PROPHET","Test",14.8333548185911,8.75433638515648,0.919588034575731,8.19143530465388,18.1798469369138,0.382835821030354
3,"XGBOOST","Test",20.2055397033691,10.9177620986984,1.25263453686655,11.6934684638815,23.2338145712559,NA
2,"EARTH","Test",62.675498308241,35.1018460288287,3.8855430218047,44.6161433724512,68.239041927468,0.108293414053061
