".model_id",".model_desc",".type","mae","mape","mase","smape","rmse","rsq"
2,"EARTH","Test",10.9527254275633,5.76213279556856,0.777508286524558,5.72612574791425,13.6876424683328,0.148197337477366
3,"XGBOOST","Test",11.4010874430339,6.06778752349009,0.80933645428944,5.95829887097779,14.1087573812831,NA
1,"PROPHET","Test",12.8884837947331,6.84325111456584,0.914923232342164,6.6918284098296,15.7097608779388,0.0389750572156543
