".model_id",".model_desc",".type","mae","mape","mase","smape","rmse","rsq"
1,"PROPHET","Test",18.6691243937164,9.48118832158562,0.615171720709852,9.19445122254135,22.5734374325267,0.33741449264319
