".model_id",".model_desc",".type","mae","mape","mase","smape","rmse","rsq"
2,"EARTH","Test",10.4174599488866,7.52338537415537,0.67875801366683,7.593921677592,12.9805395693572,0.0142576882571468
3,"XGBOOST","Test",11.7227834065755,8.22619933945149,0.763807417425601,8.58420759617401,14.3199462786133,NA
1,"PROPHET","Test",18.2436301226445,13.8563515436626,1.18867844991735,12.6211831156178,21.6807420585886,0.154907298149358
