".model_id",".model_desc",".type","mae","mape","mase","smape","rmse","rsq"
1,"PROPHET","Test",25.8567791988366,7.19385455170611,0.693130444724057,6.8301595738163,32.2119804784981,0.627120982707051
3,"XGBOOST","Test",36.6277058919271,9.42883405164856,0.981861579853523,9.67430325828018,46.696370455189,NA
2,"EARTH","Test",51.1839907179843,12.7737767828235,1.37206501924667,13.9652066073396,62.3597120869363,0.192019969486363
