".model_id",".model_desc",".type","mae","mape","mase","smape","rmse","rsq"
1,"PROPHET","Test",20.8410356794264,3.26454005435488,0.610629070862174,3.34392631515651,27.7633577668562,0.58800280543991
