".model_id",".model_desc",".type","mae","mape","mase","smape","rmse","rsq"
1,"PROPHET","Test",45.7105311131869,12.8536356168855,1.3341906289382,11.6557094888546,56.6677254663309,0.0242965692470649
3,"XGBOOST","Test",46.8594970703125,13.1999730081908,1.36772643733146,12.039406044639,55.5293104575085,NA
2,"EARTH","Test",175.77962479434,48.0478144773152,5.13062356633227,37.5393472549076,188.332555104705,0.0816575388282867
