".model_id",".model_desc",".type","mae","mape","mase","smape","rmse","rsq"
3,"XGBOOST","Test",14.8846906026204,12.3048139190519,0.927772042981762,11.6843369642641,18.5379935283129,NA
2,"EARTH","Test",17.7203815794595,13.0514761831515,1.104522429072,14.2036543504602,21.9013467866368,0.246671598395929
1,"PROPHET","Test",17.9411342324928,14.8726634266265,1.11828207953207,13.3827626284919,21.4824653536715,0.545783993976354
