".model_id",".model_desc",".type","mae","mape","mase","smape","rmse","rsq"
1,"PROPHET","Test",9.05677800381456,8.15702797347184,0.580239259297312,7.97521407435575,10.7641587824912,0.304438652723383
