".model_id",".model_desc",".type","mae","mape","mase","smape","rmse","rsq"
1,"PROPHET","Test",11.4892896346676,6.1088559827594,0.649271895816597,5.9245523544451,14.1023491306672,0.483680305045405
