".model_id",".model_desc",".type","mae","mape","mase","smape","rmse","rsq"
1,"PROPHET","Test",57.8877210301458,3.31920646757057,0.580391274495795,3.33233677047901,71.6271389179784,0.787480114556744
2,"EARTH","Test",121.143795882441,6.91517799829673,1.21460649751358,6.87610285186701,144.153332501624,0.220663687461109
3,"XGBOOST","Test",161.907836914062,8.92888687866686,1.62331309896401,9.22736970420881,179.866268635894,NA
