".model_id",".model_desc",".type","mae","mape","mase","smape","rmse","rsq"
2,"EARTH","Test",23.0002925302565,6.63540930476518,0.667095495833416,6.71199825103733,29.8053626756118,0.0011422910160983
3,"XGBOOST","Test",24.1089324951172,6.81392345199431,0.699250248912604,7.0338304348835,29.4365600747687,NA
1,"PROPHET","Test",35.7758088916023,10.9135751162,1.03763380139578,10.0006768722098,45.9013040283517,0.103192526850716
