".model_id",".model_desc",".type","mae","mape","mase","smape","rmse","rsq"
1,"PROPHET","Test",24.4194039298966,9.15341306425338,1.34687359805185,8.64322119689024,28.8208950329807,0.0631527370988958
3,"XGBOOST","Test",37.4560241699219,14.1010474448547,2.06591979834101,13.0180206111098,40.2020365978861,NA
2,"EARTH","Test",55.1453818020472,20.6383832823535,3.04159180203138,18.4946094003018,57.9423668162903,0.0057177029696095
