".model_id",".model_desc",".type","mae","mape","mase","smape","rmse","rsq"
1,"PROPHET","Test",16.6310687424342,4.93950213897425,0.681844173040975,4.87717012354548,20.4804093349084,0.579709343845268
3,"XGBOOST","Test",33.9715067545573,9.50804933522446,1.39277122166634,9.97742243107538,39.4483336962318,NA
2,"EARTH","Test",37.2177733642034,10.2970903223704,1.52586236609033,10.9922326652093,44.1990956882727,0.00818992207930972
