".model_id",".model_desc",".type","mae","mape","mase","smape","rmse","rsq"
1,"PROPHET","Test",60.3052028175053,22.6579668447288,3.33418188654477,20.0323793880109,64.5399231271041,0.0891041222708446
2,"XGBOOST","Test",61.8752644856771,23.4024142733045,3.42098818069849,20.7164857122424,64.2465932486804,NA
