".model_id",".model_desc",".type","mae","mape","mase","smape","rmse","rsq"
3,"XGBOOST","Test",18.0183982849121,10.1597843105669,0.780457929478302,9.76439971719845,20.9813739844404,NA
2,"EARTH","Test",20.9846988196193,12.0291604412659,0.908941756782004,11.2907895252407,23.8657411975989,NA
1,"PROPHET","Test",21.6530089914363,12.4481640618278,0.937889278348466,11.5716063612297,25.513953852755,0.000117874291753665
