".model_id",".model_desc",".type","mae","mape","mase","smape","rmse","rsq"
2,"EARTH","Test",9.74339664977654,8.09452287507621,0.727591308262534,7.94898342214481,11.1840527991296,0.276354609977724
3,"XGBOOST","Test",11.3854414621989,9.67000227027947,0.850211537761606,9.26332343832976,13.1871945317877,NA
1,"PROPHET","Test",17.3142874552659,14.8767373176129,1.29295003724389,13.523336498366,20.0479508802973,0.0981706632453597
