".model_id",".model_desc",".type","mae","mape","mase","smape","rmse","rsq"
1,"PROPHET","Test",19.4748318284517,9.82055408476727,0.897637539187153,9.52676446996417,22.7687577875121,0.320049285802756
2,"XGBOOST","Test",22.8929646809896,10.7991079857776,1.05518674882317,11.2590097574993,29.3167544074652,NA
