".model_id",".model_desc",".type","mae","mape","mase","smape","rmse","rsq"
1,"PROPHET","Test",59.5867057175372,4.80423422178315,0.65857483493674,4.66178791487382,78.4294623416387,0.521215495447891
2,"XGBOOST","Test",74.5506388346354,5.82943465110184,0.823961890051232,5.80418629932732,98.9208439577558,NA
