".model_id",".model_desc",".type","mae","mape","mase","smape","rmse","rsq"
1,"PROPHET","Test",4.5122509403664,7.90833832350139,0.614093323245132,8.00253005300659,5.58274694746877,0.318485680710045
2,"XGBOOST","Test",11.8093105951945,19.58142068448,1.60718428218623,22.303690864365,13.47216135355,NA
