".model_id",".model_desc",".type","mae","mape","mase","smape","rmse","rsq"
1,"PROPHET","Test",15.4849817993256,15.3552632693584,1.15634604345613,13.760056429513,18.6604015590326,0.224024077219754
2,"XGBOOST","Test",17.4556121826172,17.6421403670063,1.30350350714349,15.5608539417158,20.9208103782491,NA
