".model_id",".model_desc",".type","mae","mape","mase","smape","rmse","rsq"
1,"PROPHET","Test",19.4737228767285,7.07555302057539,0.71320959580375,6.86780991470968,23.6293113533781,0.426258497682788
2,"XGBOOST","Test",24.256591796875,8.45511450394083,0.88837836198746,8.59516468090825,30.6023370990329,NA
