".model_id",".model_desc",".type","mae","mape","mase","smape","rmse","rsq"
1,"PROPHET","Test",14.1047842189809,7.71289730089894,0.627485564867621,7.39834211449556,17.354278997903,0.431864159092803
2,"XGBOOST","Test",19.6004689534505,10.6925970372409,0.871974440869172,10.2127993089122,22.3271222262888,NA
