".model_id",".model_desc",".type","mae","mape","mase","smape","rmse","rsq"
2,"XGBOOST","Test",92.1666158040365,6.34818100271959,1.05046192442658,6.27551019423887,107.674685800355,NA
1,"PROPHET","Test",154.375495435772,10.6996290981945,1.75948285184477,10.0145953982984,173.465496703273,0.397387227774893
