".model_id",".model_desc",".type","mae","mape","mase","smape","rmse","rsq"
1,"PROPHET","Test",15.4193448928389,6.64877117553149,0.548137453686701,6.62274789642285,18.9971522122802,0.500959618432439
2,"XGBOOST","Test",30.1215006510417,12.1472109437798,1.07077977584847,13.4707576892403,39.8368152632176,NA
