".model_id",".model_desc",".type","mae","mape","mase","smape","rmse","rsq"
2,"XGBOOST","Test",20.0784301757812,6.63354245598272,0.75581652052859,6.57629106758953,25.567497147672,NA
1,"PROPHET","Test",36.2033905720369,12.1645965592334,1.36281175639419,11.3062272601386,40.5708852995107,0.347850687556447
