".model_id",".model_desc",".type","mae","mape","mase","smape","rmse","rsq"
1,"PROPHET","Test",10.7274902383872,9.78262997539768,0.719336080125088,9.02285465965269,13.9687742037135,0.218847806138822
2,"XGBOOST","Test",22.8170636494954,18.10770121931,1.53000718349386,20.3631369339418,25.7163717998133,NA
