".model_id",".model_desc",".type","mae","mape","mase","smape","rmse","rsq"
2,"XGBOOST","Test",7.625,16.4505389719205,0.724690082644628,15.7127069148096,10.1041502604263,NA
1,"PROPHET","Test",8.02491223202392,18.1175324689137,0.762698269985744,16.2952139748588,9.83896210290148,0.19538682700127
