".model_id",".model_desc",".type","mae","mape","mase","smape","rmse","rsq"
2,"XGBOOST","Test",12.6398620605469,6.41137046892602,0.608194199566063,6.40168608402755,16.8300915160194,NA
1,"PROPHET","Test",15.2655409893351,8.11858017886567,0.734534399068424,7.65087725905649,19.583206647855,0.101742546512321
