".model_id",".model_desc",".type","mae","mape","mase","smape","rmse","rsq"
1,"PROPHET","Test",9.35121670392577,5.58223203571648,0.609286074193464,5.50984087245301,11.1787036165586,0.269191045062261
2,"XGBOOST","Test",24.6582590738932,14.0951291780473,1.60662877818568,15.4179720816292,27.6206988406182,NA
