".model_id",".model_desc",".type","mae","mape","mase","smape","rmse","rsq"
1,"PROPHET","Test",5.16886213790506,5.49271108006812,0.54785174733556,5.56133347409062,7.1764655302921,0.450385270997547
2,"XGBOOST","Test",13.7944641113281,13.9141373150743,1.4620860578827,15.3547331670169,16.4464562237716,NA
