".model_id",".model_desc",".type","mae","mape","mase","smape","rmse","rsq"
1,"PROPHET","Test",40.0989086446792,3.79363967600638,0.753492564401651,3.72788766671934,49.9908949584384,0.715437102760066
2,"XGBOOST","Test",82.1033935546875,7.40903548080834,1.54279252594593,7.66546232071767,97.0343131796606,NA
