".model_id",".model_desc",".type","mae","mape","mase","smape","rmse","rsq"
1,"PROPHET","Test",21.3590197996766,5.79930113855332,0.581369769695338,5.75348092082813,25.170584387805,0.347639710911983
2,"XGBOOST","Test",29.0459594726562,7.53717394037629,0.790600080320821,7.82779829467487,35.3005953780311,NA
