".model_id",".model_desc",".type","mae","mape","mase","smape","rmse","rsq"
2,"XGBOOST","Test",25.8658142089844,7.54261697309134,0.939832111858832,7.90231089613401,35.4062985289848,NA
1,"PROPHET","Test",27.7870510035338,8.85191591132177,1.00964008385668,8.36907336395696,31.6033168760815,0.615121848807314
