".model_id",".model_desc",".type","mae","mape","mase","smape","rmse","rsq"
1,"PROPHET","Test",18.8342401070418,6.72167812190127,0.713653249525471,6.43029858079471,23.9059468900758,0.773527524899132
2,"XGBOOST","Test",27.1286061604818,9.28821367693209,1.02793730097377,9.61836109680062,34.0959436924674,NA
