".model_id",".model_desc",".type","mae","mape","mase","smape","rmse","rsq"
1,"PROPHET","Test",32.6738827671912,6.37207359160284,0.68944890242697,6.55070041311454,38.5092917580894,0.537352460257783
2,"XGBOOST","Test",51.6521504720052,9.84474100963151,1.08990776225332,10.3630482234368,61.9911835414606,NA
