".model_id",".model_desc",".type","mae","mape","mase","smape","rmse","rsq"
1,"PROPHET","Test",13.8345746376491,5.07425881740116,0.656072611682328,4.98266855053131,17.0677292879499,0.653185815771965
2,"XGBOOST","Test",25.1494928995768,9.00842341885566,1.19265636430983,9.03617028215191,28.6222384177965,NA
