".model_id",".model_desc",".type","mae","mape","mase","smape","rmse","rsq"
2,"XGBOOST","Test",16.1308441162109,10.9855308616328,0.877090814829436,9.94665785475029,21.7258715542483,NA
1,"PROPHET","Test",19.9228984377067,13.2790733489662,1.08327816564363,11.9213746139424,24.8515737652088,0.279342289843899
