".model_id",".model_desc",".type","mae","mape","mase","smape","rmse","rsq"
1,"PROPHET","Test",16.9005859060475,7.57516957474196,0.607364805998582,7.48279933306603,19.3256381798006,0.554063311257764
2,"XGBOOST","Test",24.0444869995117,11.0541403509576,0.864098751544952,10.5696860856626,28.9824201463314,NA
