".model_id",".model_desc",".type","mae","mape","mase","smape","rmse","rsq"
2,"XGBOOST","Test",31.5634969075521,7.81836181857329,1.09166981785518,7.75990557068313,37.749451474074,NA
1,"PROPHET","Test",39.7368629348682,9.71464597275769,1.37435766541649,9.23724229999732,47.0199156681333,0.352534480984262
