".model_id",".model_desc",".type","mae","mape","mase","smape","rmse","rsq"
1,"PROPHET","Test",23.6077883161882,6.66374949562677,0.714446225358327,6.27533348224888,31.4830263225039,0.623316100729935
2,"XGBOOST","Test",30.078125,7.97665016252433,0.910259046052632,8.02967476536274,38.4438204068477,NA
