".model_id",".model_desc",".type","mae","mape","mase","smape","rmse","rsq"
2,"XGBOOST","Test",22.8781967163086,8.83887843178256,0.894895449787581,8.61138328850046,27.6384769036989,NA
1,"PROPHET","Test",31.3904782666598,12.2538024756894,1.2278588437639,11.2752480506814,36.8205809460263,0.544628512878439
