".model_id",".model_desc",".type","mae","mape","mase","smape","rmse","rsq"
2,"XGBOOST","Test",15.8333333333333,7.75407970050907,0.786537077033837,7.57068894675844,18.6975804331236,NA
1,"PROPHET","Test",24.4829180215527,12.1714525697945,1.21621407018512,11.214244136059,28.8851432974806,0.144503455762585
