".model_id",".model_desc",".type","mae","mape","mase","smape","rmse","rsq"
1,"PROPHET","Test",11.2307514985907,7.52924019322306,0.584405620967391,7.19322632993853,16.4282871244667,0.212412086143719
2,"XGBOOST","Test",19.194761912028,11.688187703185,0.998822452435846,12.5099420222203,22.9356593059445,NA
