".model_id",".model_desc",".type","mae","mape","mase","smape","rmse","rsq"
1,"PROPHET","Test",36.5312546195119,12.9916419087715,1.02841965269128,12.0207437224226,42.2388684357558,0.162746009635404
2,"XGBOOST","Test",49.0156631469727,17.8442489046405,1.3798779098903,16.004019186661,54.737181369856,NA
