".model_id",".model_desc",".type","mae","mape","mase","smape","rmse","rsq"
1,"PROPHET","Test",22.7883032034746,5.83313445175242,0.798980142804749,5.7856977514326,27.9276279103274,0.445065827912701
2,"XGBOOST","Test",31.9813741048177,7.99344609616606,1.1212981774555,8.08405106425764,37.947429825754,NA
