".model_id",".model_desc",".type","mae","mape","mase","smape","rmse","rsq"
1,"PROPHET","Test",11.6733223342713,11.165494144673,0.846960295546501,10.4001642043208,14.354372972845,0.119621301654917
2,"XGBOOST","Test",17.085329691569,16.4487744991766,1.23962959907283,14.8450381325057,19.5807951698303,NA
