".model_id",".model_desc",".type","mae","mape","mase","smape","rmse","rsq"
1,"PROPHET","Test",29.4854310956495,10.1342319788007,1.11540282105253,9.53182571348252,35.0275971736589,0.452162199929384
2,"XGBOOST","Test",36.6490681966146,13.2691409865405,1.38639567191141,11.9768246620186,46.0506725254987,NA
