".model_id",".model_desc",".type","mae","mape","mase","smape","rmse","rsq"
1,"PROPHET","Test",28.8859201439775,15.2925274854184,1.35310827558347,13.8219299581379,33.6722964969583,0.502515126858063
2,"XGBOOST","Test",30.3094177246094,16.7609172599154,1.4197894249817,14.8964423074396,36.2739302046634,NA
