".model_id",".model_desc",".type","mae","mape","mase","smape","rmse","rsq"
1,"PROPHET","Test",26.442650419875,9.2884998666031,0.721448350720197,8.70744279334048,31.7606414933296,0.566676636608969
2,"XGBOOST","Test",27.2682393391927,9.41357203006342,0.74397331530419,9.13382942440679,32.5386302661456,NA
