".model_id",".model_desc",".type","mae","mape","mase","smape","rmse","rsq"
1,"PROPHET","Test",30.7639621567908,8.88195093404374,1.22629311890154,8.49868698041975,35.8784261991029,0.186310633398242
2,"XGBOOST","Test",31.1523234049479,9.21656816603397,1.24177372324749,8.62762907706258,37.4185211183216,NA
