".model_id",".model_desc",".type","mae","mape","mase","smape","rmse","rsq"
1,"PROPHET","Test",11.6336711308346,7.04183321284917,0.863143341965145,6.80632832143896,14.3905505303455,0.467156768762489
2,"XGBOOST","Test",16.9176355997721,9.58828294812651,1.25517941546696,9.99268540342241,20.6901943439346,NA
