".model_id",".model_desc",".type","mae","mape","mase","smape","rmse","rsq"
1,"PROPHET","Test",20.5917413579467,8.45255644800882,0.994979099228516,8.13080918120758,24.8948031370181,0.253552942965808
2,"XGBOOST","Test",23.5279286702474,9.81301058830122,1.13685369625145,9.30936094798084,27.4992002513751,NA
