".model_id",".model_desc",".type","mae","mape","mase","smape","rmse","rsq"
1,"PROPHET","Test",7.20685687231466,17.7771367528527,0.804649068268142,17.5592888428024,8.49973099812498,0.130213991965128
2,"XGBOOST","Test",13.0977573394775,27.9044265408577,1.4623709650873,33.7464386371092,15.440382572673,NA
