".model_id",".model_desc",".type","mae","mape","mase","smape","rmse","rsq"
1,"PROPHET","Test",17.8201147517711,9.40831642276018,0.92729103911931,8.89824387673667,22.1004260919774,0.0607366044013454
2,"XGBOOST","Test",18.7182388305664,10.1561321632254,0.974026002495537,9.45726758589269,23.0382199560969,NA
