".model_id",".model_desc",".type","mae","mape","mase","smape","rmse","rsq"
1,"PROPHET","Test",16.864239140171,8.20178322325314,0.596734615729129,7.99048716066919,20.4759682340394,0.362578282478133
2,"XGBOOST","Test",23.1255200703939,10.8500107911914,0.818287633260091,10.860136348992,27.0139383706606,NA
