".model_id",".model_desc",".type","mae","mape","mase","smape","rmse","rsq"
1,"PROPHET","Test",48.0182661386055,8.19582723888973,0.813269603231169,7.78862759046441,59.6065303451654,0.595039847217734
2,"XGBOOST","Test",63.5393676757812,10.7998735540525,1.07614540246169,10.2727150796001,76.2481033623717,NA
