".model_id",".model_desc",".type","mae","mape","mase","smape","rmse","rsq"
2,"XGBOOST","Test",15.6888020833333,9.16635232904481,0.934824994602763,8.60976075974834,18.9191475248333,NA
1,"PROPHET","Test",17.148338861137,9.6688448856094,1.02179221193303,9.22803200303288,20.0434332069344,0.0920899044562997
