".model_id",".model_desc",".type","mae","mape","mase","smape","rmse","rsq"
2,"XGBOOST","Test",25.2990417480469,14.5220751664629,1.53125779001336,13.0268249159574,31.2266906933107,NA
1,"PROPHET","Test",36.2822640811925,19.6296197318448,2.19603177333534,17.6246433414073,39.0287040862654,0.442242329701536
