".model_id",".model_desc",".type","mae","mape","mase","smape","rmse","rsq"
2,"XGBOOST","Test",18.0429929097493,7.2860024224999,0.873660709314179,7.35869054827187,22.5623737079077,NA
1,"PROPHET","Test",24.4241281605601,10.224329330034,1.18264199514291,9.57252010585659,28.5092426500318,0.50057207498011
