".model_id",".model_desc",".type","mae","mape","mase","smape","rmse","rsq"
1,"PROPHET","Test",11.4699710120672,8.96770249082617,0.634157051147944,8.65432108495253,13.991452466829,0.286455564174232
2,"XGBOOST","Test",12.2766405741374,9.41308118662137,0.67875657020471,9.28455444798035,16.14425495741,NA
