".model_id",".model_desc",".type","mae","mape","mase","smape","rmse","rsq"
1,"PROPHET","Test",10.5100311774744,10.1789307435022,0.845212297489199,9.48539933090452,12.9170220276102,0.0719436612809266
2,"XGBOOST","Test",10.5298487345378,10.1148218052619,0.846806017113176,9.5225608436766,12.6074427110676,NA
