".model_id",".model_desc",".type","mae","mape","mase","smape","rmse","rsq"
1,"PROPHET","Test",13.8190545861761,8.73362449370164,0.747854718781297,8.1468070290131,17.971759831465,0.444173861376102
2,"XGBOOST","Test",17.5764821370443,10.5495762585405,0.951197856828278,10.232343773846,20.9369460797402,NA
