".model_id",".model_desc",".type","mae","mape","mase","smape","rmse","rsq"
1,"PROPHET","Test",21.7525370336675,4.79883211054067,0.650596036117493,4.76780310244422,25.0936422750963,0.57476946880579
2,"XGBOOST","Test",36.0520935058594,7.7215502561279,1.07828108014924,7.87925906127284,41.5625076408778,NA
