".model_id",".model_desc",".type","mae","mape","mase","smape","rmse","rsq"
1,"PROPHET","Test",8.44901380425412,8.12204851229533,0.649924138788779,7.77804198671726,11.1556729892162,0.158499740348978
2,"XGBOOST","Test",10.5632807413737,9.31789672673129,0.812560057028746,9.94598839093604,13.6411468573441,NA
