".model_id",".model_desc",".type","mae","mape","mase","smape","rmse","rsq"
2,"XGBOOST","Test",22.8315556844076,8.16439373296723,1.06516385545918,7.91615399264856,25.9963872207699,NA
1,"PROPHET","Test",29.0565358440951,10.6168103643264,1.35557875134724,9.88850933417768,33.7812769880584,0.42285206476744
