".model_id",".model_desc",".type","mae","mape","mase","smape","rmse","rsq"
1,"PROPHET","Test",10.6836543594822,6.24777878363024,0.476209399744361,6.02912229802877,14.1757625468638,0.224486813216558
2,"XGBOOST","Test",12.7471262613932,7.31307780205988,0.568185860488458,7.16720355207193,15.8762648363228,NA
