".model_id",".model_desc",".type","mae","mape","mase","smape","rmse","rsq"
2,"XGBOOST","Test",4.83025169372559,8.67499632862275,0.634833079746791,8.72090773865784,5.98234705074872,NA
1,"PROPHET","Test",5.90264505361504,10.2982449802639,0.775776207046548,10.9274538136209,7.60846645631664,0.022617770943047
