".model_id",".model_desc",".type","mae","mape","mase","smape","rmse","rsq"
2,"XGBOOST","Test",16.8009033203125,8.65986163517222,0.975810041331282,8.89157551001127,19.720332886208,NA
1,"PROPHET","Test",32.5372717505668,17.8646720917227,1.88979103601777,15.9081152680886,37.6658447997622,0.00473708807488652
