".model_id",".model_desc",".type","mae","mape","mase","smape","rmse","rsq"
2,"XGBOOST","Test",18.9744237263997,7.73568327003872,0.818783763052897,7.64115219102883,23.8049803254249,NA
1,"PROPHET","Test",26.6509785420709,11.3032835536714,1.15004222601807,10.4901198213905,31.1837817379917,0.33429485099748
