".model_id",".model_desc",".type","mae","mape","mase","smape","rmse","rsq"
1,"PROPHET","Test",15.036627775802,9.03615583597883,0.625393198631908,8.60465599919851,19.3480806599206,0.371203777170926
2,"XGBOOST","Test",20.2328097025553,12.2784384397235,0.841509264301578,11.5048085719549,24.1620517784217,NA
