".model_id",".model_desc",".type","mae","mape","mase","smape","rmse","rsq"
1,"PROPHET","Test",39.6847632040057,11.0403177747426,0.988894424368506,10.1770088860876,48.000689694725,0.548865981212109
2,"XGBOOST","Test",40.2482884724935,10.3151959406072,1.00293676583678,10.4988460042531,48.8457650653589,NA
