".model_id",".model_desc",".type","mae","mape","mase","smape","rmse","rsq"
1,"PROPHET","Test",17.7355088430715,5.78611289746745,1.00472094431193,5.59066527079022,21.7787006955305,0.149247933077197
2,"XGBOOST","Test",18.2064056396484,5.70570878262841,1.03139736382245,5.8438465028463,21.4352568868488,NA
