".model_id",".model_desc",".type","mae","mape","mase","smape","rmse","rsq"
1,"PROPHET","Test",70.6337069862266,8.75298970328181,0.935276488591371,8.23902898239772,83.7798739039288,0.643094606625903
2,"XGBOOST","Test",95.5705159505208,12.2058933152564,1.26547027453194,11.2629756437791,113.818656087052,NA
