".model_id",".model_desc",".type","mae","mape","mase","smape","rmse","rsq"
1,"PROPHET","Test",18.4863748372576,6.74919496357481,0.794741348143787,6.38490817181701,24.9373995174972,0.363101761851122
2,"XGBOOST","Test",25.9685262044271,9.49015981626414,1.11640393028378,8.93013734583899,30.8981432713597,NA
