".model_id",".model_desc",".type","mae","mape","mase","smape","rmse","rsq"
1,"PROPHET","Test",11.998488188097,10.3884540562737,0.775183225635479,10.0631131727206,13.969038744873,0.10790284370892
2,"XGBOOST","Test",12.068744023641,9.97412330768161,0.779722226246466,10.1383989041705,14.7378092986659,NA
