".model_id",".model_desc",".type","mae","mape","mase","smape","rmse","rsq"
1,"PROPHET","Test",18.2220072023216,8.77635441432436,0.726353839953893,8.08225847620534,24.9630348537136,0.430119078305926
2,"XGBOOST","Test",20.7840347290039,9.75362484322124,0.82847972056688,9.21979116938553,26.961096161277,NA
