".model_id",".model_desc",".type","mae","mape","mase","smape","rmse","rsq"
2,"XGBOOST","Test",9.61586634318034,10.0413677137455,1.00074627100972,9.30885103112866,12.1287525357905,NA
1,"PROPHET","Test",10.1691787136789,10.3409545570864,1.05833081635572,9.97675691946043,12.021434830266,0.0142219516930668
