".model_id",".model_desc",".type","mae","mape","mase","smape","rmse","rsq"
1,"PROPHET","Test",16.3564237470125,10.1154490168081,0.895708919479256,9.53767066971776,20.0724527932493,0.2069832941495
2,"XGBOOST","Test",17.7666447957357,10.1867025020794,0.972935310242668,10.4446678867408,20.7027325518242,NA
