".model_id",".model_desc",".type","mae","mape","mase","smape","rmse","rsq"
2,"XGBOOST","Test",14.3671760559082,7.61682808645114,0.832355287873775,7.42214723409355,18.2438323957008,NA
1,"PROPHET","Test",15.315061352374,8.16419392856174,0.887270556938544,7.80545472613686,17.4742129705209,0.3979044396457
