".model_id",".model_desc",".type","mae","mape","mase","smape","rmse","rsq"
1,"PROPHET","Test",10.9057645524498,6.70279671038511,0.676098611068315,6.42288116940028,13.7288054983019,0.580419462135754
2,"XGBOOST","Test",15.7232157389323,8.98310301772254,0.974754614542972,9.38078070369203,19.9480892941265,NA
