".model_id",".model_desc",".type","mae","mape","mase","smape","rmse","rsq"
1,"PROPHET","Test",8.132203183102,14.4877707382549,0.772895343848537,13.3731185594124,9.94931029493231,0.0211854163148773
2,"XGBOOST","Test",9.64258702596029,17.6117418290427,0.916444221475564,15.5015539029157,11.6839287971885,NA
