".model_id",".model_desc",".type","mae","mape","mase","smape","rmse","rsq"
1,"PROPHET","Test",57.8877210301458,3.31920646757057,0.580391274495795,3.33233677047901,71.6271389179784,0.787480114556744
2,"XGBOOST","Test",161.907836914062,8.92888687866686,1.62331309896401,9.22736970420881,179.866268635894,NA
