".model_id",".model_desc",".type","mae","mape","mase","smape","rmse","rsq"
1,"PROPHET","Test",28.9766761163564,11.6692255961453,0.878081094435042,10.7826109802209,34.7361629041168,0.458674169304302
2,"XGBOOST","Test",31.0957336425781,12.6519194642573,0.942294958866004,11.7391690954606,36.9588433732383,NA
