"",".model_id",".model_desc",".type","mae","mape","mase","smape","rmse","rsq"
"1",6,"EARTH","Test",2506.66545863151,6.00582797508631,0.845349547635986,6.26226695552658,2906.00295288247,0.802674227011603
"2",4,"PROPHET","Test",3722.70997085183,8.7902165175443,1.2554492180052,8.8416645668759,4323.28183843574,0.00185215657390783
"3",5,"LM","Test",5886.36324258411,14.0782548907971,1.98512110469508,13.0716512585209,6139.17429449287,0.702928584042838
