"",".model_id",".model_desc",".type","mae","mape","mase","smape","rmse","rsq"
"1",4,"PROPHET","Test",363.032373641184,11.3489694558132,1.30716896394268,10.5866172752654,419.000833589748,0.181838488995286
"2",5,"LM","Test",368.084211632878,11.4197142282491,1.32535909328948,10.665276658512,413.886598556885,0.366898440388521
"3",6,"EARTH","Test",496.661637891889,15.4815778294223,1.78832722856528,14.1011119978903,557.034799207477,0.229148984985111
