"",".model_id",".model_desc",".type","mae","mape","mase","smape","rmse","rsq"
"1",4,"PROPHET","Test",166.979494640436,5.65744236125881,1.02463083888545,5.53891751279674,220.928973888359,0.0061480391726095
"2",6,"EARTH","Test",275.285735804845,9.45723857865713,1.68922690189177,8.91414198176045,310.375841199409,0.259475566842583
"3",5,"LM","Test",478.475247251977,16.3036656669451,2.93605208851192,14.9930672794705,493.379129625698,0.438075856001558
