"",".model_id",".model_desc",".type","mae","mape","mase","smape","rmse","rsq"
"1",6,"EARTH","Test",532.190249848045,3.68101289855507,0.342244533664338,3.76500122021081,685.717398874053,0.788072370659502
"2",4,"PROPHET","Test",1479.12051718972,10.264053425327,0.951202904945159,9.88764401662887,1824.02209256092,0.00967898236514171
"3",5,"LM","Test",2468.68028789303,16.8594911705444,1.58757574784118,15.4347061221706,2579.10231630314,0.64252480427501
