"",".model_id",".model_desc",".type","mae","mape","mase","smape","rmse","rsq"
"1",6,"EARTH","Test",328.824732424018,3.57540511791367,0.487995355421755,3.59425505187258,434.951928298449,0.535991444644086
"2",5,"LM","Test",870.720416588079,9.50105874495454,1.29220060800646,9.00483674355407,945.347053109033,0.408236777673312
"3",4,"PROPHET","Test",1021.00659768816,11.3933400007554,1.51523419133906,10.5474054671762,1227.42572360176,0.0848708370106438
