"",".model_id",".model_desc",".type","mae","mape","mase","smape","rmse","rsq"
"1",6,"EARTH","Test",572.617812326685,2.96089785920713,0.372714381592537,2.99666657210496,719.920832210334,0.756247807843272
"2",5,"LM","Test",1033.06364433533,5.40426498245302,0.672416521204032,5.2210031482278,1195.81779621532,0.703289936071213
"3",4,"PROPHET","Test",1764.96261014832,9.13835228438755,1.14880629560312,8.92201477499684,2036.49198275008,0.00996345026227072
