"",".model_id",".model_desc",".type","mae","mape","mase","smape","rmse","rsq"
"1",2,"ARIMA(1,0,1)(1,0,0)[12] WITH NON-ZERO MEAN W/ XGBOOST ERRORS","Test",218.962405946727,6.843711582797,0.63837436136072,6.54801470812847,266.05591282345,0.270042433399206
"2",4,"PROPHET","Test",313.640330795438,9.76793692349272,0.914403296779702,9.20719731820308,412.522628316277,0.0509548537088534
"3",5,"LM","Test",352.693020378738,10.7352339208724,1.02825953463189,10.062889760464,390.512119072052,0.594770166037027
