"",".model_id",".model_desc",".type","mae","mape","mase","smape","rmse","rsq"
"1",6,"EARTH","Test",101.891941843807,9.01761954899287,1.2758490127247,8.43618926655802,124.42498409036,0.317201043373316
"2",4,"PROPHET","Test",123.097921770781,10.8538495963399,1.54138157657714,10.1009873531764,146.874868706048,0.0446723249490234
"3",2,"ARIMA(0,0,0) WITH NON-ZERO MEAN W/ XGBOOST ERRORS","Test",173.865005600814,15.3933499122596,2.17706613230726,13.9911250494998,194.57907519429,0.213802990885737
