"",".model_id",".model_desc",".type","mae","mape","mase","smape","rmse","rsq"
"1",2,"ARIMA(0,0,0)(0,0,1)[12] WITH NON-ZERO MEAN W/ XGBOOST ERRORS","Test",329.273714572428,4.4339205281491,0.586688235598453,4.34887539773017,400.354559608649,0.327024019587907
"2",7,"THETA METHOD","Test",374.633712186441,5.03517996581495,0.667509071848536,4.93362631619111,444.782036995761,0.00308613353084275
"3",3,"ETS(M,N,N)","Test",375.698525969391,5.05102936397345,0.669406319311399,4.94738030514808,445.833683708722,NA
