"",".model_id",".model_desc",".type","mae","mape","mase","smape","rmse","rsq"
"1",6,"EARTH","Test",192.567453817507,3.98571850590635,0.478366983099854,4.06231889351413,242.368517372792,0.570457705350948
"2",5,"LM","Test",203.122559020574,4.34960986661203,0.504587477436751,4.24279726376751,261.485221404662,0.467740349000741
"3",4,"PROPHET","Test",356.335597565295,7.5698739399386,0.885192078926978,7.24187854481938,465.924493216142,0.0210206523473936
