"",".model_id",".model_desc",".type","mae","mape","mase","smape","rmse","rsq"
"1",6,"EARTH","Test",119.320916403781,5.1267389556969,0.452741930617513,5.00130854373091,157.619452371722,0.640931847677799
"2",5,"LM","Test",239.285459143302,10.1883110178825,0.907925986543994,9.55729201920626,270.373424202679,0.639829148379008
"3",4,"PROPHET","Test",316.493731730968,13.6599087336572,1.2008790030352,12.5918953835004,376.437046709017,0.0113638406622674
