"",".model_id",".model_desc",".type","mae","mape","mase","smape","rmse","rsq"
"1",5,"LM","Test",101.855323793195,5.44230945741603,0.773247222513786,5.23661724742801,125.468351621829,0.592351657113579
"2",6,"EARTH","Test",131.451012277249,7.00583876167829,0.997926532994825,6.68811267905217,153.594976613632,0.589331246230763
"3",4,"PROPHET","Test",159.970334995456,8.68771659455665,1.21443448033199,8.2529848947716,193.531550632138,0.0571294398172332
