"",".model_id",".model_desc",".type","mae","mape","mase","smape","rmse","rsq"
"1",4,"PROPHET","Test",1012.63065723782,10.0156167757184,1.34880989619221,9.43137674189037,1162.95869651507,4.13729294040662e-07
"2",5,"LM","Test",1239.61703715657,12.1647918412276,1.65115258485856,11.306182644827,1375.14951333963,0.119407464224768
"3",9,"NNAR(1,1,10)[12]","Test",1251.93144801306,12.4157348669003,1.66755520817467,11.4907917662493,1404.27018045256,0.0158994640051468
