"",".model_id",".model_desc",".type","mae","mape","mase","smape","rmse","rsq"
"1",5,"LM","Test",209.480127625263,6.12874810279339,1.00544913954529,5.86772977781595,257.899334010945,0.352169535873215
"2",4,"PROPHET","Test",367.352373828647,10.8062509751349,1.76319411470221,10.1276605973126,414.696986220501,0.0472854158704357
"3",6,"EARTH","Test",580.22802279977,16.9325672900213,2.78494085752951,15.4011792368619,624.904861113688,0.144272184031498
