"",".model_id",".model_desc",".type","mae","mape","mase","smape","rmse","rsq"
"1",4,"PROPHET","Test",949.052036502899,12.1552924062818,1.75963870971064,11.2462254539945,1097.50635072455,0.0132702170821068
"2",6,"EARTH","Test",969.036834790055,12.273222196127,1.79669255219689,11.4128704981748,1068.98769652175,0.226337499812928
"3",5,"LM","Test",1345.59642075757,17.0238881124789,2.49487220778528,15.4953469441962,1441.53738024458,0.183500318025155
