"",".model_id",".model_desc",".type","mae","mape","mase","smape","rmse","rsq"
"1",6,"EARTH","Test",285.045639107355,2.85972352601327,0.328289258701878,2.87977280649543,341.338861962945,0.760508964716092
"2",5,"LM","Test",709.796819132544,7.21383946857889,0.817478465243994,6.89186809531131,801.95988959313,0.698856007073113
"3",4,"PROPHET","Test",805.512769578917,8.15259339872996,0.927715262819245,8.06354282414783,977.925816465944,0.00817445727589005
