"",".model_id",".model_desc",".type","mae","mape","mase","smape","rmse","rsq"
"1",6,"EARTH","Test",519.415599202244,4.43349854466205,0.569793175097029,4.56806079075627,605.931307840719,0.801722519326053
"2",5,"LM","Test",739.38992861718,6.49796357467107,0.81110258472909,6.23387608091336,834.60150154685,0.750858549996777
"3",4,"PROPHET","Test",1000.73651461878,8.60180979863718,1.09779690285764,8.58930365884967,1184.7052956052,0.0993972697433124
