"",".model_id",".model_desc",".type","mae","mape","mase","smape","rmse","rsq"
"1",6,"EARTH","Test",1057.6412820824,7.48081986136751,0.841262711001112,7.13475269630476,1228.4287423444,0.681448997387975
"2",5,"LM","Test",1406.77996313944,9.95834741397003,1.11897251518263,9.39107079965699,1555.37228777273,0.67172391701283
"3",4,"PROPHET","Test",1663.27027550444,11.9142564990403,1.32298850735426,11.1977517655301,2047.3809919073,0.00263374909857873
