"",".model_id",".model_desc",".type","mae","mape","mase","smape","rmse","rsq"
"1",6,"EARTH","Test",133.709472800823,12.5613737871152,1.72720477114648,11.6419835224497,149.161892638704,0.186933345339481
"2",4,"PROPHET","Test",144.037054284257,13.5139753679143,1.86061228251379,12.4967028335942,157.290378447291,0.119295664370852
"3",7,"THETA METHOD","Test",154.927781757763,14.6609500341304,2.00129428551231,13.4625789745519,168.573450711505,0.0184129853833366
