"",".model_id",".model_desc",".type","mae","mape","mase","smape","rmse","rsq"
"1",6,"EARTH","Test",235.106988968877,2.85024874320677,0.403605202160507,2.89648144897264,294.546932328618,0.774620925524272
"2",5,"LM","Test",263.916172650812,3.33704528759684,0.453061564368292,3.2763396608007,316.810851861365,0.716709474679602
"3",4,"PROPHET","Test",529.717646522438,6.58941556933997,0.909359601559859,6.54105555018031,664.162416925817,0.00920747697332713
