"",".model_id",".model_desc",".type","mae","mape","mase","smape","rmse","rsq"
"1",6,"EARTH","Test",158.367508441697,3.68118631215646,0.451012250300422,3.78400878298338,203.653219113247,0.727496516847761
"2",5,"LM","Test",242.209913680066,5.61230396258511,0.689785671876846,5.43327748721438,271.004781087968,0.718011436150204
"3",2,"ARIMA(1,0,0)(1,0,1)[12] WITH NON-ZERO MEAN W/ XGBOOST ERRORS","Test",246.289346835364,5.95667671472786,0.701403423178391,5.69122210601239,314.070588001709,0.18939198443763
