"",".model_id",".model_desc",".type","mae","mape","mase","smape","rmse","rsq"
"1",5,"LM","Test",436.383943743631,10.3821007657023,1.62162152339381,9.74308021877856,492.045821901304,0.40286124214635
"2",4,"PROPHET","Test",527.22278622023,12.7603730548223,1.95918257308901,11.6567717631837,641.574355404556,0.0194334128637781
"3",6,"EARTH","Test",542.85836405341,12.9370651185813,2.01728505350447,11.9782954325053,602.246300261412,0.350083042640259
