"",".model_id",".model_desc",".type","mae","mape","mase","smape","rmse","rsq"
"1",6,"EARTH","Test",77.1594751825681,3.93301000459719,0.487606184418059,3.89232871453018,95.0437543509763,0.593052567295798
"2",4,"PROPHET","Test",182.963416938067,9.49199339488324,1.15622991745565,8.96382003716865,215.789196871788,0.0131947134859995
"3",5,"LM","Test",182.580410282976,9.53522824071618,1.15380952238098,8.94681331502479,213.25475951252,0.236527528655707
