"",".model_id",".model_desc",".type","mae","mape","mase","smape","rmse","rsq"
"1",6,"EARTH","Test",466.603973442759,4.77844947429548,0.684100871073812,4.65090686931309,552.079013104841,0.741832003466069
"2",5,"LM","Test",932.951577154406,9.63947021403688,1.36782587145995,9.12680454367135,1013.03690279166,0.679509210933619
"3",4,"PROPHET","Test",1078.16586483692,11.3749125319196,1.58072851770832,10.6312886566416,1296.67732824232,0.0400657837193509
