"",".model_id",".model_desc",".type","mae","mape","mase","smape","rmse","rsq"
"1",2,"ARIMA(0,0,0) WITH NON-ZERO MEAN W/ XGBOOST ERRORS","Test",119.360970610801,11.0360328747379,1.47233864215791,11.6749959109452,133.966617491877,0.156094365397078
"2",3,"ETS(A,N,N)","Test",159.008734783158,14.5608718468872,1.96140081187221,15.891781506347,176.806681334967,NA
"3",5,"LM","Test",89.8249784016872,9.25611220403899,1.10800696454655,8.52461369923054,119.474721289179,0.068787391858122
