"",".model_id",".model_desc",".type","mae","mape","mase","smape","rmse","rsq"
"1",5,"LM","Test",163.743417774416,4.33531745764591,0.491213314933077,4.41416920063014,209.699446820942,0.613472723513302
"2",6,"EARTH","Test",230.673733142932,6.01598121900467,0.691997337451643,5.80685061071972,266.200094445781,0.653719842585886
"3",4,"PROPHET","Test",355.105878206631,9.44049100751608,1.06528090079573,8.98983211202892,437.539994834072,0.00403957871304884
