"",".model_id",".model_desc",".type","mae","mape","mase","smape","rmse","rsq"
"1",7,"THETA METHOD","Test",457.129875937464,8.21193048597402,0.978359144072802,7.75043178275881,552.217574492683,0.0670489365074519
"2",8,"SEASONAL DECOMP: ARIMA(0,0,1) WITH NON-ZERO MEAN","Test",488.577730593189,8.80050161336124,1.0456645156607,8.23845344727406,602.224261777708,0.00713702322370879
"3",3,"ETS(M,N,N)","Test",495.796702682203,8.91033742419937,1.06111471422759,8.36744099583026,594.599913878408,NA
